title,company,location,link
"Senior Software Developer* (Belgrade, Krusevac, Novi Sad)",3AP AG,"Beograd, Serbia",https://stackoverflow.com/jobs/237521
Team Lead (w/m/d) Iot-/IIoT Softwareentwicklung,Device Insight,"Munich, Germany",https://stackoverflow.com/jobs/471204
Full Stack Lead - Fraud Mitigation,"JPMorgan Chase Bank, N.A.","Glasgow, UK",https://stackoverflow.com/jobs/470857
Full-Stack Developer,Flowable,"Zürich, Switzerland",https://stackoverflow.com/jobs/460482
Software Architect Backend (d/f/m),eBay,"Kleinmachnow, Germany",https://stackoverflow.com/jobs/463038
Senior Java Developer (m/w/d)*,mgm technology partners GmbH,"Berlin, Deutschland",https://stackoverflow.com/jobs/415644
Software Engineer,"JPMorgan Chase Bank, N.A.","Hyderabad, India",https://stackoverflow.com/jobs/461891
Senior Java Developer,"JPMorgan Chase Bank, N.A.","Newark, DE",https://stackoverflow.com/jobs/466339
Software Engineering,"JPMorgan Chase Bank, N.A.","Mumbai, India",https://stackoverflow.com/jobs/471712
Software Engineering,"JPMorgan Chase Bank, N.A.","Mumbai, India",https://stackoverflow.com/jobs/471714
Experienced Software Developer (Open Targets),The Hyve,"Utrecht, Netherlands",https://stackoverflow.com/jobs/426018
Software Engineering - Java Developer (VP),"JPMorgan Chase Bank, N.A.","Bengaluru, India",https://stackoverflow.com/jobs/470881
Software Engineering,"JPMorgan Chase Bank, N.A.","Hyderabad, India",https://stackoverflow.com/jobs/471711
Software Engineering,"JPMorgan Chase Bank, N.A.","Hyderabad, India",https://stackoverflow.com/jobs/471715
Software Engineering,"JPMorgan Chase Bank, N.A.","Hyderabad, India",https://stackoverflow.com/jobs/469183
Software Engineering,"JPMorgan Chase Bank, N.A.","Hyderabad, India",https://stackoverflow.com/jobs/468224
Software Engineering,"JPMorgan Chase Bank, N.A.","Hyderabad, India",https://stackoverflow.com/jobs/468414
Software Engineering - Associate,"JPMorgan Chase Bank, N.A.","Mumbai, India",https://stackoverflow.com/jobs/465268
Software Engineering,"JPMorgan Chase Bank, N.A.","Bengaluru, India",https://stackoverflow.com/jobs/469815
Software Developers,symphony.is,"Niš, Serbia",https://stackoverflow.com/jobs/373221
Senior Full Stack Java Developer,"JPMorgan Chase Bank, N.A.","Westerville, OH",https://stackoverflow.com/jobs/465192
Software Engineering - Java Full Stack Developer | Bangalore,"JPMorgan Chase Bank, N.A.","Bengaluru, India",https://stackoverflow.com/jobs/470641
Software Engineering -Java Full Stack Developer l Bangalore,"JPMorgan Chase Bank, N.A.","Bengaluru, India",https://stackoverflow.com/jobs/469247
Software Engineering - Java Full Stack developer l Bangalore,"JPMorgan Chase Bank, N.A.","Bengaluru, India",https://stackoverflow.com/jobs/471681
Software Engineering- Java Full Stack developer l Bangalore,"JPMorgan Chase Bank, N.A.","Bengaluru, India",https://stackoverflow.com/jobs/470165
